image_path,filename,FeO,MgO,TiO2,SiO2
data/pcam/PCAML-C-020_SCI_N_20140112133137_0007_A_2A.png,PCAML-C-020_SCI_N_20140112133137_0007_A_2A.png,16.5,6.22,15.0,42.0
data/pcam/PCAML-Q-009_SCI_N_20131222235655_0005_A_2A.png,PCAML-Q-009_SCI_N_20131222235655_0005_A_2A.png,16.8,6.12,15.0,42.0
data/pcam/PCAML-C-033_SCI_N_20140113193606_0008_A_2A.png,PCAML-C-033_SCI_N_20140113193606_0008_A_2A.png,16.93,6.07,15.0,42.0
data/pcam/PCAML-C-023_SCI_N_20140112133444_0007_A_2A.png,PCAML-C-023_SCI_N_20140112133444_0007_A_2A.png,16.45,6.24,15.0,42.0
data/pcam/PCAML-C-037_SCI_N_20140113194016_0008_A_2A.png,PCAML-C-037_SCI_N_20140113194016_0008_A_2A.png,16.86,6.1,15.0,42.0
data/pcam/PCAML-C-011_SCI_N_20140112132215_0007_A_2A.png,PCAML-C-011_SCI_N_20140112132215_0007_A_2A.png,16.26,6.31,15.0,42.0
data/pcam/PCAML-Q-055_SCI_N_20131223003344_0005_A_2A.png,PCAML-Q-055_SCI_N_20131223003344_0005_A_2A.png,15.0,6.75,15.0,42.0
data/pcam/PCAML-C-005_SCI_N_20140112131601_0007_A_2C.png,PCAML-C-005_SCI_N_20140112131601_0007_A_2C.png,13.74,7.19,8.78,42.0
data/pcam/PCAML-C-023_SCI_N_20131224191656_0006_A_2C.png,PCAML-C-023_SCI_N_20131224191656_0006_A_2C.png,14.59,6.89,9.94,42.0
data/pcam/PCAML-C-026_SCI_N_20140112133751_0007_A_2C.png,PCAML-C-026_SCI_N_20140112133751_0007_A_2C.png,16.39,6.26,5.65,42.0
data/pcam/PCAML-C-050_SCI_N_20131224195320_0006_A_2C.png,PCAML-C-050_SCI_N_20131224195320_0006_A_2C.png,16.62,6.18,11.33,42.0
data/pcam/PCAML-C-018_SCI_N_20140112132932_0007_A_2C.png,PCAML-C-018_SCI_N_20140112132932_0007_A_2C.png,16.82,6.11,11.32,42.0
data/pcam/PCAML-C-007_SCI_N_20140112131805_0007_A_2A.png,PCAML-C-007_SCI_N_20140112131805_0007_A_2A.png,16.12,6.36,15.0,42.0
data/pcam/PCAML-Q-097_SCI_N_20131223012246_0005_A_2A.png,PCAML-Q-097_SCI_N_20131223012246_0005_A_2A.png,17.9,5.73,15.0,42.0
data/pcam/PCAML-C-041_SCI_N_20140113194426_0008_A_2C.png,PCAML-C-041_SCI_N_20140113194426_0008_A_2C.png,15.45,6.59,5.57,42.0
data/pcam/PCAML-C-029_SCI_N_20131224193130_0006_A_2C.png,PCAML-C-029_SCI_N_20131224193130_0006_A_2C.png,16.65,6.17,7.83,42.0
data/pcam/PCAML-C-006_SCI_N_20140112131703_0007_A_2A.png,PCAML-C-006_SCI_N_20140112131703_0007_A_2A.png,16.2,6.33,15.0,42.0
data/pcam/PCAML-Q-073_SCI_N_20131223010408_0005_A_2A.png,PCAML-Q-073_SCI_N_20131223010408_0005_A_2A.png,17.92,5.73,15.0,42.0
data/pcam/PCAML-C-028_SCI_N_20131224192208_0006_A_2A.png,PCAML-C-028_SCI_N_20131224192208_0006_A_2A.png,16.51,6.22,15.0,42.0
data/pcam/PCAML-C-009_SCI_N_20140112132010_0007_A_2A.png,PCAML-C-009_SCI_N_20140112132010_0007_A_2A.png,16.19,6.34,15.0,42.0
data/pcam/PCAML-Q-043_SCI_N_20131223002518_0005_A_2A.png,PCAML-Q-043_SCI_N_20131223002518_0005_A_2A.png,15.18,6.69,15.0,42.0
data/pcam/PCAML-C-054_SCI_N_20131224195730_0006_A_2C.png,PCAML-C-054_SCI_N_20131224195730_0006_A_2C.png,16.69,6.16,6.51,42.0
data/pcam/PCAML-C-050_SCI_N_20140112140500_0007_A_2C.png,PCAML-C-050_SCI_N_20140112140500_0007_A_2C.png,13.88,7.14,9.57,42.0
data/pcam/PCAML-C-015_SCI_N_20140113191514_0008_A_2A.png,PCAML-C-015_SCI_N_20140113191514_0008_A_2A.png,17.09,6.02,15.0,42.0
data/pcam/PCAML-C-034_SCI_N_20140112134821_0007_A_2C.png,PCAML-C-034_SCI_N_20140112134821_0007_A_2C.png,16.4,6.26,7.93,42.0
data/pcam/PCAML-C-030_SCI_N_20140113193259_0008_A_2A.png,PCAML-C-030_SCI_N_20140113193259_0008_A_2A.png,16.89,6.09,15.0,42.0
data/pcam/PCAML-Q-049_SCI_N_20131223002931_0005_A_2A.png,PCAML-Q-049_SCI_N_20131223002931_0005_A_2A.png,15.06,6.73,15.0,42.0
data/pcam/PCAML-C-051_SCI_N_20140112140602_0007_A_2C.png,PCAML-C-051_SCI_N_20140112140602_0007_A_2C.png,15.74,6.49,9.03,42.0
data/pcam/PCAML-C-026_SCI_N_20140113192640_0008_A_2C.png,PCAML-C-026_SCI_N_20140113192640_0008_A_2C.png,16.07,6.38,10.12,42.0
data/pcam/PCAML-C-039_SCI_N_20140113194221_0008_A_2C.png,PCAML-C-039_SCI_N_20140113194221_0008_A_2C.png,16.96,6.06,4.87,42.0
data/pcam/PCAML-C-003_SCI_N_20140112131356_0007_A_2C.png,PCAML-C-003_SCI_N_20140112131356_0007_A_2C.png,15.67,6.51,7.53,42.0
data/pcam/PCAML-Q-041_SCI_N_20131223002354_0005_A_2A.png,PCAML-Q-041_SCI_N_20131223002354_0005_A_2A.png,15.02,6.74,15.0,42.0
data/pcam/PCAML-Q-030_SCI_N_20131223001611_0005_A_2A.png,PCAML-Q-030_SCI_N_20131223001611_0005_A_2A.png,15.07,6.72,15.0,42.0
data/pcam/PCAML-C-040_SCI_N_20131224194256_0006_A_2C.png,PCAML-C-040_SCI_N_20131224194256_0006_A_2C.png,16.91,6.08,8.01,42.0
data/pcam/PCAML-C-049_SCI_N_20140112140357_0007_A_2A.png,PCAML-C-049_SCI_N_20140112140357_0007_A_2A.png,16.22,6.32,15.0,42.0
data/pcam/PCAML-Q-044_SCI_N_20131223002600_0005_A_2A.png,PCAML-Q-044_SCI_N_20131223002600_0005_A_2A.png,15.05,6.73,15.0,42.0
data/pcam/PCAML-C-029_SCI_N_20140113193157_0008_A_2A.png,PCAML-C-029_SCI_N_20140113193157_0008_A_2A.png,16.84,6.11,15.0,42.0
data/pcam/PCAML-C-012_SCI_N_20131224190530_0006_A_2A.png,PCAML-C-012_SCI_N_20131224190530_0006_A_2A.png,16.76,6.13,15.0,42.0
data/pcam/PCAML-Q-057_SCI_N_20131223005254_0005_A_2A.png,PCAML-Q-057_SCI_N_20131223005254_0005_A_2A.png,11.12,8.11,15.0,42.0
data/pcam/PCAML-C-027_SCI_N_20131224192106_0006_A_2C.png,PCAML-C-027_SCI_N_20131224192106_0006_A_2C.png,16.51,6.22,7.97,42.0
data/pcam/PCAML-C-044_SCI_N_20140113194733_0008_A_2A.png,PCAML-C-044_SCI_N_20140113194733_0008_A_2A.png,16.92,6.08,15.0,42.0
data/pcam/PCAML-C-027_SCI_N_20140113192743_0008_A_2A.png,PCAML-C-027_SCI_N_20140113192743_0008_A_2A.png,16.96,6.06,15.0,42.0
data/pcam/PCAML-C-013_SCI_N_20131224190632_0006_A_2A.png,PCAML-C-013_SCI_N_20131224190632_0006_A_2A.png,17.35,5.93,15.0,42.0
data/pcam/PCAML-C-014_SCI_N_20131224190734_0006_A_2A.png,PCAML-C-014_SCI_N_20131224190734_0006_A_2A.png,17.57,5.85,15.0,42.0
data/pcam/PCAML-C-055_SCI_N_20131224195832_0006_A_2C.png,PCAML-C-055_SCI_N_20131224195832_0006_A_2C.png,16.54,6.21,6.44,42.0
data/pcam/PCAML-Q-024_SCI_N_20131223000727_0005_A_2A.png,PCAML-Q-024_SCI_N_20131223000727_0005_A_2A.png,14.98,6.76,15.0,42.0
data/pcam/PCAML-C-052_SCI_N_20140113195552_0008_A_2C.png,PCAML-C-052_SCI_N_20140113195552_0008_A_2C.png,16.64,6.17,3.45,42.0
data/pcam/PCAML-C-027_SCI_N_20131224192106_0006_A_2A.png,PCAML-C-027_SCI_N_20131224192106_0006_A_2A.png,16.41,6.26,15.0,42.0
data/pcam/PCAML-C-044_SCI_N_20140112135845_0007_A_2A.png,PCAML-C-044_SCI_N_20140112135845_0007_A_2A.png,16.35,6.28,15.0,42.0
data/pcam/PCAML-C-025_SCI_N_20131224191901_0006_A_2A.png,PCAML-C-025_SCI_N_20131224191901_0006_A_2A.png,16.27,6.31,15.0,42.0
data/pcam/PCAML-C-028_SCI_N_20140113192845_0008_A_2A.png,PCAML-C-028_SCI_N_20140113192845_0008_A_2A.png,17.02,6.04,15.0,42.0
data/pcam/PCAML-C-029_SCI_N_20131224193130_0006_A_2A.png,PCAML-C-029_SCI_N_20131224193130_0006_A_2A.png,16.53,6.21,15.0,42.0
data/pcam/PCAML-C-004_SCI_N_20131224185710_0006_A_2A.png,PCAML-C-004_SCI_N_20131224185710_0006_A_2A.png,16.37,6.27,15.0,42.0
data/pcam/PCAML-Q-036_SCI_N_20131223002023_0005_A_2A.png,PCAML-Q-036_SCI_N_20131223002023_0005_A_2A.png,15.1,6.72,15.0,42.0
data/pcam/PCAML-C-038_SCI_N_20131224194051_0006_A_2C.png,PCAML-C-038_SCI_N_20131224194051_0006_A_2C.png,16.52,6.22,8.52,42.0
data/pcam/PCAML-C-013_SCI_N_20140112132420_0007_A_2A.png,PCAML-C-013_SCI_N_20140112132420_0007_A_2A.png,16.73,6.14,15.0,42.0
data/pcam/PCAML-C-047_SCI_N_20140112140153_0007_A_2A.png,PCAML-C-047_SCI_N_20140112140153_0007_A_2A.png,16.36,6.27,15.0,42.0
data/pcam/PCAML-Q-066_SCI_N_20131223005914_0005_A_2A.png,PCAML-Q-066_SCI_N_20131223005914_0005_A_2A.png,19.84,5.06,15.0,42.0
data/pcam/PCAML-C-007_SCI_N_20131224190017_0006_A_2A.png,PCAML-C-007_SCI_N_20131224190017_0006_A_2A.png,16.34,6.28,15.0,42.0
data/pcam/PCAML-C-056_SCI_N_20131224195935_0006_A_2A.png,PCAML-C-056_SCI_N_20131224195935_0006_A_2A.png,16.42,6.25,15.0,42.0
data/pcam/PCAML-C-025_SCI_N_20140112133649_0007_A_2C.png,PCAML-C-025_SCI_N_20140112133649_0007_A_2C.png,16.43,6.25,5.96,42.0
data/pcam/PCAML-Q-079_SCI_N_20131223010821_0005_A_2A.png,PCAML-Q-079_SCI_N_20131223010821_0005_A_2A.png,14.78,6.83,15.0,42.0
data/pcam/PCAML-C-018_SCI_N_20140113191821_0008_A_2A.png,PCAML-C-018_SCI_N_20140113191821_0008_A_2A.png,17.12,6.01,15.0,42.0
data/pcam/PCAML-C-033_SCI_N_20140112134719_0007_A_2A.png,PCAML-C-033_SCI_N_20140112134719_0007_A_2A.png,16.62,6.18,15.0,42.0
data/pcam/PCAML-C-033_SCI_N_20140112134719_0007_A_2C.png,PCAML-C-033_SCI_N_20140112134719_0007_A_2C.png,16.62,6.18,6.33,42.0
data/pcam/PCAML-Q-050_SCI_N_20131223003013_0005_A_2A.png,PCAML-Q-050_SCI_N_20131223003013_0005_A_2A.png,14.96,6.76,15.0,42.0
data/pcam/PCAML-C-034_SCI_N_20140113193709_0008_A_2A.png,PCAML-C-034_SCI_N_20140113193709_0008_A_2A.png,16.94,6.07,15.0,42.0
data/pcam/PCAML-C-015_SCI_N_20131224190837_0006_A_2A.png,PCAML-C-015_SCI_N_20131224190837_0006_A_2A.png,17.71,5.8,15.0,42.0
data/pcam/PCAML-Q-100_SCI_N_20131223012452_0005_A_2A.png,PCAML-Q-100_SCI_N_20131223012452_0005_A_2A.png,17.77,5.78,15.0,42.0
data/pcam/PCAML-C-007_SCI_N_20140113190654_0008_A_2C.png,PCAML-C-007_SCI_N_20140113190654_0008_A_2C.png,16.86,6.1,5.39,42.0
data/pcam/PCAML-C-007_SCI_N_20131221225019_0005_A_2A.png,PCAML-C-007_SCI_N_20131221225019_0005_A_2A.png,18.84,5.41,15.0,42.0
data/pcam/PCAML-Q-023_SCI_N_20131223000645_0005_A_2A.png,PCAML-Q-023_SCI_N_20131223000645_0005_A_2A.png,15.0,6.75,15.0,42.0
data/pcam/PCAML-C-006_SCI_N_20140113190552_0008_A_2A.png,PCAML-C-006_SCI_N_20140113190552_0008_A_2A.png,17.05,6.03,15.0,42.0
data/pcam/PCAML-C-022_SCI_N_20131224191554_0006_A_2C.png,PCAML-C-022_SCI_N_20131224191554_0006_A_2C.png,14.17,7.04,10.06,42.0
data/pcam/PCAML-C-047_SCI_N_20140113195040_0008_A_2A.png,PCAML-C-047_SCI_N_20140113195040_0008_A_2A.png,16.98,6.06,15.0,42.0
data/pcam/PCAML-Q-013_SCI_N_20131222235943_0005_A_2A.png,PCAML-Q-013_SCI_N_20131222235943_0005_A_2A.png,15.51,6.57,15.0,42.0
data/pcam/PCAML-C-048_SCI_N_20131224195115_0006_A_2A.png,PCAML-C-048_SCI_N_20131224195115_0006_A_2A.png,16.37,6.27,15.0,42.0
data/pcam/PCAML-Q-112_SCI_N_20131223013318_0005_A_2A.png,PCAML-Q-112_SCI_N_20131223013318_0005_A_2A.png,9.89,8.54,15.0,42.0
data/pcam/PCAML-C-014_SCI_N_20140113191411_0008_A_2A.png,PCAML-C-014_SCI_N_20140113191411_0008_A_2A.png,17.23,5.97,15.0,42.0
data/pcam/PCAML-C-050_SCI_N_20140113195347_0008_A_2A.png,PCAML-C-050_SCI_N_20140113195347_0008_A_2A.png,16.96,6.07,15.0,42.0
data/pcam/PCAML-Q-090_SCI_N_20131223011751_0005_A_2A.png,PCAML-Q-090_SCI_N_20131223011751_0005_A_2A.png,15.27,6.66,15.0,42.0
data/pcam/PCAML-Q-067_SCI_N_20131223005956_0005_A_2A.png,PCAML-Q-067_SCI_N_20131223005956_0005_A_2A.png,19.68,5.11,15.0,42.0
data/pcam/PCAML-Q-046_SCI_N_20131223002725_0005_A_2A.png,PCAML-Q-046_SCI_N_20131223002725_0005_A_2A.png,15.01,6.75,15.0,42.0
data/pcam/PCAML-C-012_SCI_N_20131224190530_0006_A_2C.png,PCAML-C-012_SCI_N_20131224190530_0006_A_2C.png,16.86,6.1,11.21,42.0
data/pcam/PCAML-C-038_SCI_N_20140112135231_0007_A_2C.png,PCAML-C-038_SCI_N_20140112135231_0007_A_2C.png,16.58,6.2,9.88,42.0
data/pcam/PCAML-C-023_SCI_N_20131224191656_0006_A_2A.png,PCAML-C-023_SCI_N_20131224191656_0006_A_2A.png,16.31,6.29,15.0,42.0
data/pcam/PCAML-C-006_SCI_N_20140112131703_0007_A_2C.png,PCAML-C-006_SCI_N_20140112131703_0007_A_2C.png,14.04,7.09,9.68,42.0
data/pcam/PCAML-Q-014_SCI_N_20131223000025_0005_A_2A.png,PCAML-Q-014_SCI_N_20131223000025_0005_A_2A.png,15.34,6.63,15.0,42.0
data/pcam/PCAML-C-002_SCI_N_20140113190142_0008_A_2A.png,PCAML-C-002_SCI_N_20140113190142_0008_A_2A.png,17.11,6.01,15.0,42.0
data/pcam/PCAML-C-004_SCI_N_20140113190347_0008_A_2C.png,PCAML-C-004_SCI_N_20140113190347_0008_A_2C.png,17.13,6.0,4.15,42.0
data/pcam/PCAML-C-016_SCI_N_20140113191616_0008_A_2A.png,PCAML-C-016_SCI_N_20140113191616_0008_A_2A.png,17.17,5.99,15.0,42.0
data/pcam/PCAML-C-053_SCI_N_20140113195655_0008_A_2C.png,PCAML-C-053_SCI_N_20140113195655_0008_A_2C.png,15.36,6.63,3.12,42.0
data/pcam/PCAML-C-006_SCI_N_20140113190552_0008_A_2C.png,PCAML-C-006_SCI_N_20140113190552_0008_A_2C.png,17.14,6.0,5.15,42.0
data/pcam/PCAML-C-046_SCI_N_20140112140050_0007_A_2C.png,PCAML-C-046_SCI_N_20140112140050_0007_A_2C.png,16.26,6.31,7.2,42.0
data/pcam/PCAML-C-031_SCI_N_20131224193334_0006_A_2A.png,PCAML-C-031_SCI_N_20131224193334_0006_A_2A.png,16.31,6.29,15.0,42.0
data/pcam/PCAML-Q-034_SCI_N_20131223001859_0005_A_2A.png,PCAML-Q-034_SCI_N_20131223001859_0005_A_2A.png,14.94,6.77,15.0,42.0
data/pcam/PCAML-Q-060_SCI_N_20131223005501_0005_A_2A.png,PCAML-Q-060_SCI_N_20131223005501_0005_A_2A.png,15.41,6.61,15.0,42.0
data/pcam/PCAML-C-027_SCI_N_20140112133854_0007_A_2C.png,PCAML-C-027_SCI_N_20140112133854_0007_A_2C.png,16.47,6.24,5.67,42.0
data/pcam/PCAML-Q-019_SCI_N_20131223000356_0005_A_2A.png,PCAML-Q-019_SCI_N_20131223000356_0005_A_2A.png,14.93,6.77,15.0,42.0
data/pcam/PCAML-C-016_SCI_N_20131224190939_0006_A_2C.png,PCAML-C-016_SCI_N_20131224190939_0006_A_2C.png,17.55,5.86,8.31,42.0
data/pcam/PCAML-C-007_SCI_N_20140113190654_0008_A_2A.png,PCAML-C-007_SCI_N_20140113190654_0008_A_2A.png,16.94,6.07,15.0,42.0
data/pcam/PCAML-C-050_SCI_N_20140113195347_0008_A_2C.png,PCAML-C-050_SCI_N_20140113195347_0008_A_2C.png,15.55,6.56,4.41,42.0
data/pcam/PCAML-C-030_SCI_N_20131224193232_0006_A_2C.png,PCAML-C-030_SCI_N_20131224193232_0006_A_2C.png,16.55,6.21,8.03,42.0
data/pcam/PCAML-C-051_SCI_N_20140112140602_0007_A_2A.png,PCAML-C-051_SCI_N_20140112140602_0007_A_2A.png,18.09,5.67,15.0,42.0
data/pcam/PCAML-C-048_SCI_N_20131224195115_0006_A_2C.png,PCAML-C-048_SCI_N_20131224195115_0006_A_2C.png,16.55,6.21,14.21,42.0
data/pcam/PCAML-C-037_SCI_N_20140112135128_0007_A_2A.png,PCAML-C-037_SCI_N_20140112135128_0007_A_2A.png,16.34,6.28,15.0,42.0
data/pcam/PCAML-C-036_SCI_N_20140113193914_0008_A_2C.png,PCAML-C-036_SCI_N_20140113193914_0008_A_2C.png,16.96,6.06,4.36,42.0
data/pcam/PCAML-C-004_SCI_N_20131224185710_0006_A_2C.png,PCAML-C-004_SCI_N_20131224185710_0006_A_2C.png,16.47,6.23,7.29,42.0
data/pcam/PCAML-C-006_SCI_N_20131224185915_0006_A_2A.png,PCAML-C-006_SCI_N_20131224185915_0006_A_2A.png,16.21,6.33,15.0,42.0
data/pcam/PCAML-C-035_SCI_N_20140112134924_0007_A_2A.png,PCAML-C-035_SCI_N_20140112134924_0007_A_2A.png,16.35,6.28,15.0,42.0
data/pcam/PCAML-C-024_SCI_N_20131224191758_0006_A_2A.png,PCAML-C-024_SCI_N_20131224191758_0006_A_2A.png,16.18,6.34,15.0,42.0
data/pcam/PCAML-C-026_SCI_N_20140113192640_0008_A_2A.png,PCAML-C-026_SCI_N_20140113192640_0008_A_2A.png,17.04,6.04,15.0,42.0
data/pcam/PCAML-C-004_SCI_N_20140113190347_0008_A_2A.png,PCAML-C-004_SCI_N_20140113190347_0008_A_2A.png,17.03,6.04,15.0,42.0
data/pcam/PCAML-C-032_SCI_N_20140112134616_0007_A_2C.png,PCAML-C-032_SCI_N_20140112134616_0007_A_2C.png,16.56,6.21,5.34,42.0
data/pcam/PCAML-C-003_SCI_N_20131221195407_0005_A_2A.png,PCAML-C-003_SCI_N_20131221195407_0005_A_2A.png,19.35,5.23,15.0,42.0
data/pcam/PCAML-Q-072_SCI_N_20131223010326_0005_A_2A.png,PCAML-Q-072_SCI_N_20131223010326_0005_A_2A.png,17.77,5.78,15.0,42.0
data/pcam/PCAML-C-047_SCI_N_20140113195040_0008_A_2C.png,PCAML-C-047_SCI_N_20140113195040_0008_A_2C.png,14.76,6.83,6.19,42.0
data/pcam/PCAML-C-003_SCI_N_20131224185608_0006_A_2A.png,PCAML-C-003_SCI_N_20131224185608_0006_A_2A.png,16.54,6.21,15.0,42.0
data/pcam/PCAML-C-023_SCI_N_20140113192333_0008_A_2C.png,PCAML-C-023_SCI_N_20140113192333_0008_A_2C.png,17.3,5.95,6.19,42.0
data/pcam/PCAML-C-049_SCI_N_20140113195245_0008_A_2C.png,PCAML-C-049_SCI_N_20140113195245_0008_A_2C.png,15.93,6.42,4.98,42.0
data/pcam/PCAML-C-027_SCI_N_20140112133854_0007_A_2A.png,PCAML-C-027_SCI_N_20140112133854_0007_A_2A.png,16.36,6.27,15.0,42.0
data/pcam/PCAML-Q-002_SCI_N_20131222235200_0005_A_2A.png,PCAML-Q-002_SCI_N_20131222235200_0005_A_2A.png,14.82,6.81,15.0,42.0
data/pcam/PCAML-Q-048_SCI_N_20131223002849_0005_A_2A.png,PCAML-Q-048_SCI_N_20131223002849_0005_A_2A.png,15.05,6.73,15.0,42.0
data/pcam/PCAML-C-005_SCI_N_20140113190450_0008_A_2C.png,PCAML-C-005_SCI_N_20140113190450_0008_A_2C.png,17.16,5.99,4.12,42.0
data/pcam/PCAML-C-014_SCI_N_20131224190734_0006_A_2C.png,PCAML-C-014_SCI_N_20131224190734_0006_A_2C.png,17.66,5.82,8.68,42.0
data/pcam/PCAML-C-041_SCI_N_20131224194359_0006_A_2A.png,PCAML-C-041_SCI_N_20131224194359_0006_A_2A.png,16.5,6.23,15.0,42.0
data/pcam/PCAML-C-048_SCI_N_20140113195143_0008_A_2A.png,PCAML-C-048_SCI_N_20140113195143_0008_A_2A.png,16.84,6.1,15.0,42.0
data/pcam/PCAML-Q-107_SCI_N_20131223012947_0005_A_2A.png,PCAML-Q-107_SCI_N_20131223012947_0005_A_2A.png,16.54,6.21,15.0,42.0
data/pcam/PCAML-C-011_SCI_N_20140112132215_0007_A_2C.png,PCAML-C-011_SCI_N_20140112132215_0007_A_2C.png,16.3,6.3,8.09,42.0
data/pcam/PCAML-C-019_SCI_N_20140112133034_0007_A_2A.png,PCAML-C-019_SCI_N_20140112133034_0007_A_2A.png,16.49,6.23,15.0,42.0
data/pcam/PCAML-Q-022_SCI_N_20131223000602_0005_A_2A.png,PCAML-Q-022_SCI_N_20131223000602_0005_A_2A.png,14.97,6.76,15.0,42.0
data/pcam/PCAML-C-002_SCI_N_20131224185505_0006_A_2A.png,PCAML-C-002_SCI_N_20131224185505_0006_A_2A.png,16.55,6.21,15.0,42.0
data/pcam/PCAML-C-009_SCI_N_20140112132010_0007_A_2C.png,PCAML-C-009_SCI_N_20140112132010_0007_A_2C.png,15.73,6.49,8.81,42.0
data/pcam/PCAML-C-053_SCI_N_20131224195627_0006_A_2A.png,PCAML-C-053_SCI_N_20131224195627_0006_A_2A.png,16.53,6.21,15.0,42.0
data/pcam/PCAML-C-024_SCI_N_20140112133546_0007_A_2C.png,PCAML-C-024_SCI_N_20140112133546_0007_A_2C.png,16.57,6.2,7.5,42.0
data/pcam/PCAML-C-054_SCI_N_20131224195730_0006_A_2A.png,PCAML-C-054_SCI_N_20131224195730_0006_A_2A.png,16.59,6.19,15.0,42.0
data/pcam/PCAML-C-052_SCI_N_20131224195525_0006_A_2C.png,PCAML-C-052_SCI_N_20131224195525_0006_A_2C.png,16.62,6.18,7.89,42.0
data/pcam/PCAML-C-032_SCI_N_20131224193437_0006_A_2C.png,PCAML-C-032_SCI_N_20131224193437_0006_A_2C.png,16.39,6.26,8.54,42.0
data/pcam/PCAML-C-023_SCI_N_20140112133444_0007_A_2C.png,PCAML-C-023_SCI_N_20140112133444_0007_A_2C.png,16.35,6.28,10.46,42.0
data/pcam/PCAML-C-017_SCI_N_20140113191718_0008_A_2C.png,PCAML-C-017_SCI_N_20140113191718_0008_A_2C.png,16.83,6.11,6.09,42.0
data/pcam/PCAML-Q-032_SCI_N_20131223001735_0005_A_2A.png,PCAML-Q-032_SCI_N_20131223001735_0005_A_2A.png,15.04,6.74,15.0,42.0
data/pcam/PCAML-C-017_SCI_N_20131224191042_0006_A_2A.png,PCAML-C-017_SCI_N_20131224191042_0006_A_2A.png,17.42,5.9,15.0,42.0
data/pcam/PCAML-C-047_SCI_N_20131224195013_0006_A_2A.png,PCAML-C-047_SCI_N_20131224195013_0006_A_2A.png,16.35,6.28,15.0,42.0
data/pcam/PCAML-C-022_SCI_N_20140112133342_0007_A_2A.png,PCAML-C-022_SCI_N_20140112133342_0007_A_2A.png,16.49,6.23,15.0,42.0
data/pcam/PCAML-C-043_SCI_N_20131224194603_0006_A_2C.png,PCAML-C-043_SCI_N_20131224194603_0006_A_2C.png,16.62,6.18,7.89,42.0
data/pcam/PCAML-C-030_SCI_N_20140112134411_0007_A_2C.png,PCAML-C-030_SCI_N_20140112134411_0007_A_2C.png,16.46,6.24,5.64,42.0
data/pcam/PCAML-C-013_SCI_N_20140113191309_0008_A_2A.png,PCAML-C-013_SCI_N_20140113191309_0008_A_2A.png,17.19,5.98,15.0,42.0
data/pcam/PCAML-Q-099_SCI_N_20131223012410_0005_A_2A.png,PCAML-Q-099_SCI_N_20131223012410_0005_A_2A.png,17.5,5.88,15.0,42.0
data/pcam/PCAML-C-024_SCI_N_20140112133546_0007_A_2A.png,PCAML-C-024_SCI_N_20140112133546_0007_A_2A.png,16.47,6.24,15.0,42.0
data/pcam/PCAML-Q-081_SCI_N_20131223010946_0005_A_2A.png,PCAML-Q-081_SCI_N_20131223010946_0005_A_2A.png,12.99,7.45,15.0,42.0
data/pcam/PCAML-C-051_SCI_N_20140113195450_0008_A_2C.png,PCAML-C-051_SCI_N_20140113195450_0008_A_2C.png,16.08,6.37,3.98,42.0
data/pcam/PCAML-C-034_SCI_N_20140112134821_0007_A_2A.png,PCAML-C-034_SCI_N_20140112134821_0007_A_2A.png,16.29,6.3,15.0,42.0
data/pcam/PCAML-C-005_SCI_N_20140112131601_0007_A_2A.png,PCAML-C-005_SCI_N_20140112131601_0007_A_2A.png,16.17,6.34,15.0,42.0
data/pcam/PCAML-Q-027_SCI_N_20131223000933_0005_A_2A.png,PCAML-Q-027_SCI_N_20131223000933_0005_A_2A.png,15.05,6.73,15.0,42.0
data/pcam/PCAML-C-007_SCI_N_20140112131805_0007_A_2C.png,PCAML-C-007_SCI_N_20140112131805_0007_A_2C.png,13.51,7.27,10.17,42.0
data/pcam/PCAML-C-053_SCI_N_20140112140807_0007_A_2C.png,PCAML-C-053_SCI_N_20140112140807_0007_A_2C.png,16.53,6.22,7.1,42.0
data/pcam/PCAML-C-026_SCI_N_20131224192003_0006_A_2A.png,PCAML-C-026_SCI_N_20131224192003_0006_A_2A.png,16.24,6.32,15.0,42.0
data/pcam/PCAML-C-055_SCI_N_20140112141012_0007_A_2A.png,PCAML-C-055_SCI_N_20140112141012_0007_A_2A.png,16.3,6.29,15.0,42.0
data/pcam/PCAML-C-042_SCI_N_20140113194528_0008_A_2C.png,PCAML-C-042_SCI_N_20140113194528_0008_A_2C.png,14.94,6.77,6.01,42.0
data/pcam/PCAML-C-055_SCI_N_20131224195832_0006_A_2A.png,PCAML-C-055_SCI_N_20131224195832_0006_A_2A.png,16.42,6.25,15.0,42.0
data/pcam/PCAML-C-010_SCI_N_20140113191002_0008_A_2A.png,PCAML-C-010_SCI_N_20140113191002_0008_A_2A.png,16.81,6.12,15.0,42.0
data/pcam/PCAML-C-001_SCI_N_20131224185403_0006_A_2C.png,PCAML-C-001_SCI_N_20131224185403_0006_A_2C.png,16.64,6.18,7.46,42.0
data/pcam/PCAML-C-040_SCI_N_20140113194323_0008_A_2A.png,PCAML-C-040_SCI_N_20140113194323_0008_A_2A.png,16.86,6.1,15.0,42.0
data/pcam/PCAML-C-043_SCI_N_20140112135743_0007_A_2A.png,PCAML-C-043_SCI_N_20140112135743_0007_A_2A.png,16.44,6.25,15.0,42.0
data/pcam/PCAML-Q-104_SCI_N_20131223012741_0005_A_2A.png,PCAML-Q-104_SCI_N_20131223012741_0005_A_2A.png,18.04,5.68,15.0,42.0
data/pcam/PCAML-C-036_SCI_N_20140112135026_0007_A_2C.png,PCAML-C-036_SCI_N_20140112135026_0007_A_2C.png,16.08,6.37,10.94,42.0
data/pcam/PCAML-C-033_SCI_N_20140113193606_0008_A_2C.png,PCAML-C-033_SCI_N_20140113193606_0008_A_2C.png,16.86,6.1,5.06,42.0
data/pcam/PCAML-C-003_SCI_N_20140112131356_0007_A_2A.png,PCAML-C-003_SCI_N_20140112131356_0007_A_2A.png,16.13,6.35,15.0,42.0
data/pcam/PCAML-C-010_SCI_N_20131224190325_0006_A_2C.png,PCAML-C-010_SCI_N_20131224190325_0006_A_2C.png,16.79,6.13,15.0,42.0
data/pcam/PCAML-C-041_SCI_N_20131224194359_0006_A_2C.png,PCAML-C-041_SCI_N_20131224194359_0006_A_2C.png,16.6,6.19,8.12,42.0
data/pcam/PCAML-Q-005_SCI_N_20131222235406_0005_A_2A.png,PCAML-Q-005_SCI_N_20131222235406_0005_A_2A.png,15.75,6.49,15.0,42.0
data/pcam/PCAML-C-033_SCI_N_20131224193539_0006_A_2C.png,PCAML-C-033_SCI_N_20131224193539_0006_A_2C.png,16.09,6.37,9.41,42.0
data/pcam/PCAML-C-026_SCI_N_20131224192003_0006_A_2C.png,PCAML-C-026_SCI_N_20131224192003_0006_A_2C.png,16.34,6.28,8.22,42.0
data/pcam/PCAML-C-039_SCI_N_20131224194154_0006_A_2A.png,PCAML-C-039_SCI_N_20131224194154_0006_A_2A.png,16.49,6.23,15.0,42.0
data/pcam/PCAML-C-009_SCI_N_20131224190222_0006_A_2C.png,PCAML-C-009_SCI_N_20131224190222_0006_A_2C.png,16.92,6.08,15.0,42.0
data/pcam/PCAML-C-021_SCI_N_20140112133239_0007_A_2C.png,PCAML-C-021_SCI_N_20140112133239_0007_A_2C.png,16.96,6.06,15.0,42.0
data/pcam/PCAML-C-008_SCI_N_20131221225319_0005_A_2A.png,PCAML-C-008_SCI_N_20131221225319_0005_A_2A.png,18.52,5.52,15.0,42.0
data/pcam/PCAML-C-002_SCI_N_20140112131253_0007_A_2A.png,PCAML-C-002_SCI_N_20140112131253_0007_A_2A.png,16.17,6.34,15.0,42.0
data/pcam/PCAML-C-045_SCI_N_20131224194808_0006_A_2A.png,PCAML-C-045_SCI_N_20131224194808_0006_A_2A.png,16.62,6.18,15.0,42.0
data/pcam/PCAML-C-003_SCI_N_20131224185608_0006_A_2C.png,PCAML-C-003_SCI_N_20131224185608_0006_A_2C.png,16.64,6.18,6.6,42.0
data/pcam/PCAML-C-042_SCI_N_20140113194528_0008_A_2A.png,PCAML-C-042_SCI_N_20140113194528_0008_A_2A.png,16.81,6.12,15.0,42.0
data/pcam/PCAML-C-034_SCI_N_20140113193709_0008_A_2C.png,PCAML-C-034_SCI_N_20140113193709_0008_A_2C.png,17.03,6.04,4.63,42.0
data/pcam/PCAML-C-048_SCI_N_20140113195143_0008_A_2C.png,PCAML-C-048_SCI_N_20140113195143_0008_A_2C.png,15.11,6.71,5.57,42.0
data/pcam/PCAML-Q-061_SCI_N_20131223005543_0005_A_2A.png,PCAML-Q-061_SCI_N_20131223005543_0005_A_2A.png,16.15,6.35,15.0,42.0
data/pcam/PCAML-C-001_SCI_N_20140112131151_0007_A_2A.png,PCAML-C-001_SCI_N_20140112131151_0007_A_2A.png,16.23,6.32,15.0,42.0
data/pcam/PCAML-C-019_SCI_N_20140113191923_0008_A_2C.png,PCAML-C-019_SCI_N_20140113191923_0008_A_2C.png,17.18,5.99,5.17,42.0
data/pcam/PCAML-C-012_SCI_N_20140112132318_0007_A_2A.png,PCAML-C-012_SCI_N_20140112132318_0007_A_2A.png,16.44,6.24,15.0,42.0
data/pcam/PCAML-Q-102_SCI_N_20131223012616_0005_A_2A.png,PCAML-Q-102_SCI_N_20131223012616_0005_A_2A.png,17.95,5.72,15.0,42.0
data/pcam/PCAML-C-009_SCI_N_20131224190222_0006_A_2A.png,PCAML-C-009_SCI_N_20131224190222_0006_A_2A.png,16.48,6.23,15.0,42.0
data/pcam/PCAML-Q-069_SCI_N_20131223010120_0005_A_2A.png,PCAML-Q-069_SCI_N_20131223010120_0005_A_2A.png,18.54,5.51,15.0,42.0
data/pcam/PCAML-Q-012_SCI_N_20131222235901_0005_A_2A.png,PCAML-Q-012_SCI_N_20131222235901_0005_A_2A.png,15.66,6.52,15.0,42.0
data/pcam/PCAML-C-036_SCI_N_20140112135026_0007_A_2A.png,PCAML-C-036_SCI_N_20140112135026_0007_A_2A.png,16.3,6.3,15.0,42.0
data/pcam/PCAML-C-038_SCI_N_20140113194118_0008_A_2A.png,PCAML-C-038_SCI_N_20140113194118_0008_A_2A.png,16.83,6.11,15.0,42.0
data/pcam/PCAML-Q-056_SCI_N_20131223003426_0005_A_2A.png,PCAML-Q-056_SCI_N_20131223003426_0005_A_2A.png,15.13,6.7,15.0,42.0
data/pcam/PCAML-C-028_SCI_N_20140112133956_0007_A_2A.png,PCAML-C-028_SCI_N_20140112133956_0007_A_2A.png,16.37,6.27,15.0,42.0
data/pcam/PCAML-C-018_SCI_N_20140113191821_0008_A_2C.png,PCAML-C-018_SCI_N_20140113191821_0008_A_2C.png,16.9,6.08,5.61,42.0
data/pcam/PCAML-C-013_SCI_N_20131224190632_0006_A_2C.png,PCAML-C-013_SCI_N_20131224190632_0006_A_2C.png,17.44,5.9,9.21,42.0
data/pcam/PCAML-C-003_SCI_N_20140113190245_0008_A_2C.png,PCAML-C-003_SCI_N_20140113190245_0008_A_2C.png,15.92,6.43,4.35,42.0
data/pcam/PCAML-C-056_SCI_N_20140112141114_0007_A_2A.png,PCAML-C-056_SCI_N_20140112141114_0007_A_2A.png,16.41,6.26,15.0,42.0
